ID_Barra,Tipo_Barra,Tensao_Mag_pu,Tensao_Ang_graus,P_Geracao_pu,Q_Geracao_pu,P_Carga_pu,Q_Carga_pu,Desvio_Tensao_QLIM_pu,Corte_Reativo_VLIM_pu
1,3,1.029000034312977,-2.0255483685047234e-11,1.3980554281724535,0.5321521930812211,0.0,0.0,0.0,0.0
2,2,1.0300000044563993,-9.699021521946202,0.12990000006786423,1.961376993499032,0.0,0.0,0.0,0.0
3,1,0.7074886830889926,2.489107981723082,0.0,0.0,0.5039,1.003,0.0,0.0
4,1,-0.4809994278208675,-161.89580927712925,0.0,0.0,0.0239,1.003,0.0,0.0
