ID_Barra,Tipo_Barra,Tensao_Mag_pu,Tensao_Ang_graus,P_Geracao_pu,Q_Geracao_pu,P_Carga_pu,Q_Carga_pu,Desvio_Tensao_QLIM_pu,Corte_Reativo_VLIM_pu
1,3,1.1000000108107315,3.5505357168928874e-15,0.2728918005255951,0.9757000972456977,0.0,0.0,0.0,0.0
2,2,1.100000010804089,1.7629725377539558,0.5548205734734567,0.7039999548088572,0.0,0.0,0.0,0.0
3,1,0.8999999901027179,5.707960061271358,0.0,0.0,0.5039,1.003,0.0,0.0
4,1,0.8999999987199303,4.462232576727917,0.0,0.0,0.0239,0.503,0.0,0.0
5,1,0.8999999981689842,3.846583411664493,0.0,0.0,0.0239,0.503,0.0,0.0
