ID_Linha,Barra_De,Barra_Para,P_Fluxo_De_Para_pu,Q_Fluxo_De_Para_pu,P_Fluxo_Para_De_pu,Q_Fluxo_Para_De_pu,Perda_Ativa_pu
1,1,2,-0.0005871914241661891,-0.0005644823635631013,0.0005873153621736016,0.0005646015083877742,1.2393800741250516e-7
2,1,3,0.1564082830366794,0.03094426895321499,-0.1516592954830199,-0.0263789439016303,0.0047489875536594894
3,2,3,0.15702861136545626,0.03151540184279121,-0.15223865918917473,-0.02691069643575704,0.004789952176281531
