ID_Barra,Tipo_Barra,Tensao_Mag_pu,Tensao_Ang_graus,P_Geracao_pu,Q_Geracao_pu,P_Carga_pu,Q_Carga_pu,Desvio_Tensao_QLIM_pu,Corte_Reativo_VLIM_pu
23,3,1.025,0.0,0.3482854928610327,-0.0798867210012137,0.0,0.0,0.0,0.0
24,1,1.0287777937393505,-12.345435880624521,0.0,0.0,0.34600000000000003,0.069,0.0,0.0
26,1,1.0409471878966674,-6.7903646920265635,0.0,0.0,0.0,0.0,0.0,0.0
29,1,1.0300900809775304,-1.181325920704162,0.0,0.0,0.0,0.0,0.0,0.0
