ID_Linha,Barra_De,Barra_Para,P_Fluxo_De_Para_pu,Q_Fluxo_De_Para_pu,P_Fluxo_Para_De_pu,Q_Fluxo_Para_De_pu,Perda_Ativa_pu
1,3,4,0.2433191487162613,0.7399871274442587,-0.023899998467808492,-0.5290538006860774,0.21941915024845282
2,1,2,0.5334179518102444,-0.47372530646522115,-0.44641715362858886,0.5573614328939942,0.08700079818165557
3,1,3,0.8646374764187098,1.005877499584835,-0.5638849384686294,-0.7167562752571334,0.3007525379500804
4,2,3,0.5763171537958429,1.4040155605955627,-0.1833342094503006,-1.026230851666699,0.3929829443455423
