ID_Linha,Barra_De,Barra_Para,P_Fluxo_De_Para_pu,Q_Fluxo_De_Para_pu,P_Fluxo_Para_De_pu,Q_Fluxo_Para_De_pu,Perda_Ativa_pu
1,3,4,0.049157356003160804,-0.05003475013961385,-0.04805796603008346,0.05109162226842896,0.001099389973077347
2,1,2,-0.10110819367270525,0.10846744541199102,0.10439731566681172,-0.10530552703091675,0.0032891219941064698
3,4,5,0.02415802705713611,-0.024861164671504166,-0.02388950176229766,0.02511930501018893,0.0002685252948384509
4,1,3,0.3739999945843268,0.9035326528599082,-0.23095805327800883,-0.7660227203333926,0.14304194130631798
5,2,3,0.450423257964396,0.8093054820755008,-0.3220992754368007,-0.6859443055020116,0.12832398252759525
