caso,script,bus_id,vm_pu,va_rad,pd_pu,qd_pu,pg_pu,qg_pu,bus_type
3bus.pwf,15,1,1.029,-1.3749115388193286e-35,0.0,0.0,0.18289543398832966,-0.00517028054914078,3
3bus.pwf,15,2,1.03,-0.007090704526769659,0.0,0.0,0.12990000000000002,0.06701169222852967,2
3bus.pwf,15,3,0.9970306439330193,-0.024608615862372476,0.3039,0.05329,0.0,0.0,1
