caso,script,bus_id,vm_pu,va_rad,pd_pu,qd_pu,pg_pu,qg_pu,bus_type
3bus.pwf,14,1,1.0999988133713337,-1.504632769052528e-35,0.0,0.0,0.15571405828163642,0.030263482604644537,3
3bus.pwf,14,2,1.0999988058203352,-3.893074844978427e-10,0.0,0.0,0.15571398170934392,0.03026341771817725,2
3bus.pwf,14,3,1.06977012690718,-0.018370806035323522,0.3039,0.05329,0.0,0.0,1
