ID_Barra,Tipo_Barra,Vm_pu,Va_graus,Pg_pu,Qg_pu,Pd_pu,Qd_pu
1,3,1.029,2.2414367919785963e-33,0.5341439861552427,0.3521028369624716,0.0,0.0
2,2,1.03,-2.8887758221510573,0.12990000000000002,0.8048477353635605,0.0,0.0
3,1,0.8761296860667384,1.5384522233502276,0.0,0.0,0.5039,1.003
