ID_Barra,Tipo_Barra,Vm_pu,Va_graus,Pg_pu,Qg_pu,Pd_pu,Qd_pu
1,3,1.029,2.758691436281349e-33,0.1517741555878847,0.026533959347987933,0.0,0.0
2,3,1.03,5.2319982234079137e-33,0.16079406060588733,0.035089021965360734,0.0,0.0
3,1,0.9970372619666746,-1.2067217182225731,0.0,0.0,0.3039,0.05329
