ID_Barra,Tipo_Barra,Vm_pu,Va_graus,Pg_pu,Qg_pu,Pd_pu,Qd_pu,Slack_QLIM_pu,Slack_VLIM_pu
1,3,1.0289999999942918,0.0,0.1517754163570183,0.026535171358070937,0.0,0.0,0.0,0.0
2,3,1.0299999999943505,0.0,0.16079532260074036,0.03509023515375044,0.0,0.0,0.0,0.0
3,1,0.9970369891564238,-1.206711913123871,0.0,0.0,0.3039,0.05329,0.0,-5.75747763065488e-14
