ID_Linha,De,Para,Pf_pu,Qf_pu,Pt_pu,Qt_pu,Perda_pu,Tap
1,1,2,-0.0029545980933400884,-0.002840331868735557,0.0029574694228773346,0.002843092152379878,2.8713295372462255e-6,1.0
2,1,3,0.15473001445035928,0.029375503226806786,-0.15048992754523816,-0.025299397583209392,0.004240086905121121,1.0
3,2,3,0.15783785317786259,0.03224714300137111,-0.15341007245476246,-0.027990602416733797,0.004427780723100128,1.0
