ID_Linha,De,Para,Pf_pu,Qf_pu,Pt_pu,Qt_pu,Perda_pu,Tap
1,1,2,0.07255806475402306,-0.07941418104362637,-0.0705800505205222,0.08131569748909069,0.0019780142335008577,1.0
2,1,3,0.2686194094483906,0.08890249623515063,-0.2549338160349942,-0.07574617991509032,0.013685593413396369,1.0
3,2,3,0.20048005072091,0.16342626660586757,-0.18906618366554637,-0.1524538198233626,0.011413867055363625,1.0
