ID_Linha,De,Para,Pf_pu,Qf_pu,Pt_pu,Qt_pu,Perda_pu,Tap
1,1,2,0.14835197981128628,-0.15249354948509733,-0.14061471873877635,0.15993157946640504,0.007737261072509938,1.0
2,1,3,0.38579264876269703,0.5045980401116851,-0.31682537026080193,-0.43829800442478095,0.0689672785018951,1.0
3,2,3,0.2705172152216392,0.6449163557472222,-0.18707250110615237,-0.5646987852715606,0.08344471411548682,1.0
