ID_Linha,De,Para,Pf_pu,Qf_pu,Pt_pu,Qt_pu,Perda_pu,Tap
1,1,2,0.03460399528082876,-0.0414145051325165,-0.03410611109596769,0.04189313412790803,0.0004978841848610749,1.0
2,1,2,0.03460399528082876,-0.0414145051325165,-0.03410611109596769,0.04189313412790803,0.0004978841848610749,1.0
3,1,3,0.13189244505077138,0.0902665469650942,-0.12752596920803141,-0.08606894035384097,0.00436647584273997,1.0
4,1,3,0.13189244505077138,0.0902665469650942,-0.12752596920803141,-0.08606894035384097,0.00436647584273997,1.0
5,2,3,0.09905611109596837,0.1305563216470745,-0.09447403079196928,-0.12615144886864402,0.004582080303999092,1.0
6,2,3,0.09905611109596837,0.1305563216470745,-0.09447403079196928,-0.12615144886864402,0.004582080303999092,1.0
