ID_Linha,De,Para,Pf_pu,Qf_pu,Pt_pu,Qt_pu,Perda_pu,Tap
1,3,4,0.06351198337177477,-0.28273157665967924,-0.04800465158405398,0.2976391773837866,0.01550733178772079,1.0
2,1,2,0.1174361285398615,-0.12312447656149332,-0.11248721792617598,0.1278819928420531,0.00494891061368552,1.0
3,4,5,0.024104651584053532,-0.024869568066764672,-0.023900000000000504,0.025066304948671583,0.0002046515840530283,1.0
4,1,3,0.35979014083167293,-0.12325294377619889,-0.3350651044224119,0.14702176330775352,0.024725036409261048,1.0
5,2,3,0.24238721792617585,-0.009906369247936975,-0.2323468789493634,0.019558407822331314,0.010040338976812446,1.0
