ID_Linha,De,Para,Pf_pu,Qf_pu,Pt_pu,Qt_pu,Perda_pu,Tap
1,7,8,0.49797586466005556,-0.007832842259015704,-0.49611595789860247,-0.1481031089944136,0.0018599067614530895,1.0
2,4,5,0.8595778413092704,0.09927986231855389,-0.8527975165355915,-0.23978973680959859,0.0067803247736788474,1.0
3,4,6,0.5653364299703931,-0.09228318303703954,-0.5606075027351947,-0.06235589651872463,0.004728927235198466,1.0
4,6,9,-0.339392808416243,-0.23764387479060078,0.34340174343776786,-0.1577222588599193,0.004008935021524884,1.0
5,7,5,0.40202447155569515,-0.06196554496433025,-0.397202907438955,-0.26020996484511205,0.0048215641167401735,1.0
6,8,9,-0.503884302079799,-0.20189676217594954,0.506598581406446,-0.01722631438030131,0.002714279326647029,1.0
7,1,4,1.424913908651835,0.10878678895849347,-1.424913908651835,-0.006996382346283525,0.0,1.0
8,2,7,0.9000000551080065,-0.025954641300039327,-0.9000000551080065,0.0697985430090391,0.0,1.0
9,3,9,0.8500000505795211,-0.1373551517897944,-0.8500000505795211,0.17494872954149088,0.0,1.0
