ID_Linha,De,Para,Pf_pu,Qf_pu,Pt_pu,Qt_pu,Perda_pu,Tap
1,7,8,0.4982548151032532,-0.01913256888391318,-0.4963956032902169,-0.13602254388518636,0.0018592118130362767,1.0
2,4,5,0.8598901682168482,0.106383923264056,-0.8530617256208174,-0.2458151756815279,0.00682844259603077,1.0
3,4,6,0.5651196914052917,-0.09400307285616402,-0.5603808816654013,-0.0601003807502907,0.004738809739890382,1.0
4,6,9,-0.33961911250699756,-0.23989961922368797,0.34365045851930626,-0.1545184462092697,0.004031346012308701,1.0
5,7,5,0.4017451439677752,-0.06645894332845607,-0.3969382454983898,-0.2541848241116656,0.004806898469385423,1.0
6,8,9,-0.5036043664091095,-0.2139774554238579,0.5063495413671789,-0.004223124587068007,0.002745174958069363,1.0
7,1,4,1.4250098661392834,0.13704855323270237,-1.4250098661392834,-0.012380867225093795,0.0,1.0005636020868063
8,2,7,0.8999999603648972,0.02310567242572148,-0.8999999603648972,0.08559111926959062,0.0,1.0017545880253207
9,3,9,0.8499999989101485,-0.12135786515503355,-0.8499999989101485,0.15874157090409824,0.0,1.0
