ID_Linha,De,Para,Pf_pu,Qf_pu,Pt_pu,Qt_pu,Perda_pu,Tap
1,7,8,0.4979757386499154,-0.007832780324897808,-0.49611583266573656,-0.14810317015282132,0.0018599059841788446,1.0
2,4,5,0.8595776215463018,0.09928000232103719,-0.85279729922604,-0.23978988498110643,0.006780322320261822,1.0
3,4,6,0.5653363021591159,-0.09228308805616481,-0.5606073768112548,-0.06235599088453048,0.004728925347861068,1.0
4,6,9,-0.3393926231887454,-0.2376440091202193,0.3434015545018989,-0.15772211968536123,0.0040089313131534965,1.0
5,7,5,0.40202426135008484,-0.061965392981849665,-0.39720270077396,-0.26021011502304414,0.004821560576124817,1.0
6,8,9,-0.5038841673342638,-0.2018968298520407,0.506598445498101,-0.017226246625414533,0.0027142781638371805,1.0
7,1,4,1.4249139237054185,0.10878732888808074,-1.4249139237054185,-0.006996914264878029,0.0,1.0
8,2,7,0.8999999999999997,-0.025954277974996387,-0.8999999999999997,0.06979817330675431,0.0,1.0
9,3,9,0.8499999999999996,-0.1373547978430345,-0.8499999999999996,0.17494836631077249,0.0,1.0
