ID_Barra,Tipo_Barra,Tensao_Mag_pu,Tensao_Ang_graus,P_Geracao_pu,Q_Geracao_pu,P_Carga_pu,Q_Carga_pu,Desvio_Tensao_QLIM_pu,Corte_Reativo_VLIM_pu
23,3,0.9974649156643752,0.0,0.3484262491057591,-0.061759632615742216,0.0,0.0,0.0,0.0
24,1,0.9945822983179332,-13.127410007992927,0.0,0.0,0.34600000000000003,0.069,0.0,-2.7023434093046653e-14
26,1,1.008605529639582,-7.197900951885055,0.0,0.0,0.0,0.0,0.0,1.2128641012070277e-13
29,1,1.0015726748200706,-1.249015467858994,0.0,0.0,0.0,0.0,0.0,2.877961470899836e-14
