ID_Barra,Tipo_Barra,Tensao_Mag_pu,Tensao_Ang_graus,P_Geracao_pu,Q_Geracao_pu,P_Carga_pu,Q_Carga_pu,Desvio_Tensao_QLIM_pu,Corte_Reativo_VLIM_pu
1,3,1.0458418274764218,0.0,0.35141921868352405,1.3040000130396001,0.0,0.0,0.0,0.0
2,1,0.8999999900000356,7.653344451406389,0.0,0.0,-0.12990000000000002,-0.025,0.0,-1.7031304371150786
3,1,0.9231466266693398,2.940133754589059,0.0,0.0,0.3039,0.05329,0.0,-1.1430167338808628
