ID_Linha,Barra_De,Barra_Para,P_Fluxo_De_Para_pu,Q_Fluxo_De_Para_pu,P_Fluxo_Para_De_pu,Q_Fluxo_Para_De_pu,Perda_Ativa_pu
1,3,4,0.10150813445924395,-0.4533236731176909,-0.05824003476021594,0.4949184208946574,0.043268099699028006
2,1,2,0.16645313125344954,-0.15085010312648386,-0.1587245704057149,0.15827976935579793,0.007728560847734656
3,4,5,0.03434003476021555,-0.24236557699102357,-0.02390000000000128,0.2524018535008439,0.010440034760214267
4,1,3,0.429275218193541,0.4092220750630139,-0.3754045451449105,-0.35743479820963453,0.05387067304863047
5,2,3,0.28862457040571654,0.5457202403063277,-0.23000358931433426,-0.4893663689809114,0.05862098109138228
