ID_Linha,Barra_De,Barra_Para,P_Fluxo_De_Para_pu,Q_Fluxo_De_Para_pu,P_Fluxo_Para_De_pu,Q_Fluxo_Para_De_pu,Perda_Ativa_pu,Tap_pu
1,24,26,-0.346,-0.06899999999997367,0.3472131826479675,5.53286552870437e-5,0.0012131826479675478,1.0
2,26,29,-0.34721318264796774,-5.5328655409456196e-5,0.34842624910575914,-0.06962540682255393,0.0012130664577914008,1.0
7,23,29,0.34842624910575903,-0.06175963261574324,-0.34842624910575903,0.06962540682252438,0.0,1.0
