ID_Barra,Tipo_Barra,Tensao_Mag_pu,Tensao_Ang_graus,P_Geracao_pu,Q_Geracao_pu,P_Carga_pu,Q_Carga_pu,Desvio_Tensao_QLIM_pu,Corte_Reativo_VLIM_pu
1,3,1.0871110663064167,0.0,0.5957283494469912,0.22291765782195355,0.0,0.0,0.0,0.0
2,2,1.0847773524080795,-2.734793719974152,0.12990000000000002,0.704000009662125,0.0,0.0,0.0,0.0
3,1,0.9501395357378694,-0.034651940537575296,0.0,0.0,0.5039,1.003,0.0,-0.0073412289358569995
4,1,1.0192373830965975,-5.944637710163569,0.0,0.0,0.0239,0.503,0.0,-0.0069367775409794035
5,1,1.0556481088485812,-8.59979751567985,0.0,0.0,0.0239,0.503,0.0,-0.006034179964359025
