caso,script,bus_id,vm_pu,va_rad,pd_pu,qd_pu,pg_pu,qg_pu,bus_type
3bus.pwf,19,1,1.0070519462980916,0.0,0.0,0.0,0.18327805713299833,0.0011643353284080545,3
3bus.pwf,19,2,1.007347320446368,-0.00668940640361706,0.0,0.0,0.12990000000000002,0.0610448940541876,2
3bus.pwf,19,3,0.9739506486673034,-0.025383162765763936,0.3039,0.05329,0.0,0.0,1
