caso,script,bus_id,vm_pu,va_rad,pd_pu,qd_pu,pg_pu,qg_pu,bus_type
3bus.pwf,16,1,1.028999999994438,0.0,0.0,0.0,0.18290041726369857,-0.005171628539640343,3
3bus.pwf,16,2,1.029999999994205,-0.007091488845756767,0.0,0.0,0.12990000000000002,0.06701783077100243,2
3bus.pwf,16,3,0.9970302966985414,-0.024608836313866633,0.3039,0.05329,0.0,0.0,1
